{"cameraMode":{"drawMode":0,"name":"Shaded","section":"Shading Mode"},"sceneLighting":false,"audioPlay":false,"sceneViewState":{"showFog":true,"showMaterialUpdate":false,"showSkybox":true,"showFlares":true,"showImageEffects":true,"showParticleSystems":true},"in2DMode":false,"pivot":{"x":3.7074856758117677,"y":5.251287937164307,"z":0.3127363324165344},"rotation":{"x":-0.3967294991016388,"y":0.18414661288261414,"z":-0.08160319924354553,"w":-0.8956080675125122},"size":3.93639874458313,"orthographic":false}