{"cameraMode":{"drawMode":0,"name":"Shaded","section":"Shading Mode"},"sceneLighting":false,"audioPlay":false,"sceneViewState":{"showFog":true,"showMaterialUpdate":true,"showSkybox":true,"showFlares":true,"showImageEffects":true,"showParticleSystems":true},"in2DMode":false,"pivot":{"x":-28.450077056884767,"y":2.563154697418213,"z":-3.7087666988372804},"rotation":{"x":-0.11594464629888535,"y":0.6406964063644409,"z":-0.09897588938474655,"w":-0.7528095245361328},"size":8.047796249389649,"orthographic":false}