{"cameraMode":{"drawMode":0,"name":"Shaded","section":"Shading Mode"},"sceneLighting":true,"audioPlay":false,"sceneViewState":{"showFog":true,"showMaterialUpdate":false,"showSkybox":true,"showFlares":true,"showImageEffects":true,"showParticleSystems":true},"in2DMode":false,"pivot":{"x":3.127950668334961,"y":0.32730865478515627,"z":1.303299903869629},"rotation":{"x":-0.2546533942222595,"y":-0.07620738446712494,"z":0.02013336680829525,"w":-0.9638267159461975},"size":7.891008377075195,"orthographic":false}