{"cameraMode":{"drawMode":0,"name":"Shaded","section":"Shading Mode"},"sceneLighting":false,"audioPlay":false,"sceneViewState":{"showFog":true,"showMaterialUpdate":false,"showSkybox":true,"showFlares":true,"showImageEffects":true,"showParticleSystems":true},"in2DMode":false,"pivot":{"x":5.239919662475586,"y":1.3873882293701172,"z":4.935854434967041},"rotation":{"x":-0.17140944302082063,"y":0.704681396484375,"z":-0.18115650117397309,"w":-0.6645397543907166},"size":36.05418395996094,"orthographic":false}