{"cameraMode":{"drawMode":0,"name":"Shaded","section":"Shading Mode"},"sceneLighting":false,"audioPlay":false,"sceneViewState":{"showFog":true,"showMaterialUpdate":true,"showSkybox":true,"showFlares":true,"showImageEffects":true,"showParticleSystems":true},"in2DMode":false,"pivot":{"x":8.130860328674317,"y":3.8579959869384767,"z":2.647167682647705},"rotation":{"x":-0.5197089910507202,"y":0.2126244157552719,"z":-0.13605105876922608,"w":-0.8164575695991516},"size":17.726879119873048,"orthographic":false}