{"cameraMode":{"drawMode":0,"name":"Shaded","section":"Shading Mode"},"sceneLighting":false,"audioPlay":false,"sceneViewState":{"showFog":true,"showMaterialUpdate":false,"showSkybox":true,"showFlares":true,"showImageEffects":true,"showParticleSystems":true},"in2DMode":false,"pivot":{"x":38.450157165527347,"y":-1.119267225265503,"z":-3.1509828567504885},"rotation":{"x":-0.22239962220191956,"y":0.6108902096748352,"z":-0.1836245357990265,"w":-0.7375723719596863},"size":6.489258289337158,"orthographic":false}