{"cameraMode":{"drawMode":0,"name":"Shaded","section":"Shading Mode"},"sceneLighting":false,"audioPlay":false,"sceneViewState":{"showFog":true,"showMaterialUpdate":false,"showSkybox":true,"showFlares":true,"showImageEffects":true,"showParticleSystems":true},"in2DMode":false,"pivot":{"x":6.6975507736206059,"y":9.78852653503418,"z":3.6988320350646974},"rotation":{"x":-0.19049374759197236,"y":0.7044863700866699,"z":-0.2048991620540619,"w":-0.6525008678436279},"size":13.161388397216797,"orthographic":false}