{"cameraMode":{"drawMode":0,"name":"Shaded","section":"Shading Mode"},"sceneLighting":false,"audioPlay":false,"sceneViewState":{"showFog":true,"showMaterialUpdate":false,"showSkybox":true,"showFlares":true,"showImageEffects":true,"showParticleSystems":true},"in2DMode":false,"pivot":{"x":66.45720672607422,"y":18.9769229888916,"z":-4.661661624908447},"rotation":{"x":0.20059706270694734,"y":-0.5818953514099121,"z":0.15058808028697968,"w":0.7737825512886047},"size":7.939079761505127,"orthographic":false}