{"cameraMode":{"drawMode":0,"name":"Shaded","section":"Shading Mode"},"sceneLighting":false,"audioPlay":false,"sceneViewState":{"showFog":true,"showMaterialUpdate":false,"showSkybox":true,"showFlares":true,"showImageEffects":true,"showParticleSystems":true},"in2DMode":false,"pivot":{"x":-2.940112590789795,"y":2.843109369277954,"z":-3.5625553131103517},"rotation":{"x":-0.23246362805366517,"y":0.22825956344604493,"z":-0.05622676759958267,"w":-0.9437976479530335},"size":13.04610824584961,"orthographic":false}